asset	estimated_return
AAPL	0.019069308158057033
SPY	0.016665990410526053
TSLA	0.04963986709969106
DIS	0.012686711155004162
NVDA	0.05553359303088169
HON	0.0038812285035070087
