	AAPL	SPY	TSLA	DIS	NVDA	HON
AAPL	0.0034941657913352365	0.0005706842640324788	0.0025458175188715136	-0.0012321890580191985	0.000931635830955762	0.0001737713059723588
SPY	0.0005706842640324788	0.0009830388419104197	0.0017390643317164265	0.0020940625597457687	0.0025123645327118607	0.0009038777789319208
TSLA	0.0025458175188715136	0.0017390643317164265	0.02376828456244688	0.005189508463187055	0.0009257659980743453	0.002235610383403545
DIS	-0.0012321890580191985	0.0020940625597457687	0.005189508463187055	0.009842620313073813	0.006162811651426248	0.002884423005046965
NVDA	0.000931635830955762	0.0025123645327118607	0.0009257659980743453	0.006162811651426248	0.013648909392066205	0.002379889779739469
HON	0.0001737713059723588	0.0009038777789319208	0.002235610383403545	0.002884423005046965	0.002379889779739469	0.00219385411855452
