asset	probability
AAPL	0.017000000000
SPY	0.001000000000
TSLA	0.429000000000
DIS	0.001000000000
NVDA	0.552000000000
HON	0.000000000000
