asset	allocation
AAPL	0.165214985100
SPY	0.516023396380
TSLA	0.000000000000
DIS	0.000000000000
NVDA	0.000000000000
HON	0.318761618520
